SCORE;POPULATION_SIZE;CHILDREN_SIZE;PARENTS_SIZE;ARITHMETIC_XOVER_N_PARENTS;MUTATION_PROBABILITY;N_SURVIVORS;TOURNAMENT_SIZE;ARITHMETIC_RECOMB_ALPHA;MUTATION_A;MUTATION_B;MUTATION_EPSILON
9.999913683165213;300;10;0.7;2;0.55333;100;3;0.11;1.5;1.5;1e-11;HALTED_BAD_RESULT
9.999807358600686;300;10;0.7;2;0.55333;100;3;0.11;1.5;1.61111111111;1e-11;HALTED_BAD_RESULT
9.999906398627331;300;10;0.7;2;0.55333;100;3;0.11;1.5;1.72222222222;1e-11;HALTED_BAD_RESULT
9.99992609453043;300;10;0.7;2;0.55333;100;3;0.11;1.5;1.83333333333;1e-11;HALTED_BAD_RESULT
9.999858698894235;300;10;0.7;2;0.55333;100;3;0.11;1.5;1.94444444444;1e-11;HALTED_BAD_RESULT
9.999730295716887;300;10;0.7;2;0.55333;100;3;0.11;1.5;2.05555555556;1e-11;HALTED_BAD_RESULT
9.999813787476844;300;10;0.7;2;0.55333;100;3;0.11;1.5;2.16666666667;1e-11;HALTED_BAD_RESULT
9.999845867702662;300;10;0.7;2;0.55333;100;3;0.11;1.5;2.27777777778;1e-11;HALTED_BAD_RESULT
9.999875319925716;300;10;0.7;2;0.55333;100;3;0.11;1.5;2.38888888889;1e-11;HALTED_BAD_RESULT
9.999832988545625;300;10;0.7;2;0.55333;100;3;0.11;1.5;2.5;1e-11;HALTED_BAD_RESULT
9.999900523274617;300;10;0.7;2;0.55333;100;3;0.11;1.61111111111;1.5;1e-11;HALTED_BAD_RESULT
9.999880327491788;300;10;0.7;2;0.55333;100;3;0.11;1.61111111111;1.61111111111;1e-11;HALTED_BAD_RESULT
9.999891172050974;300;10;0.7;2;0.55333;100;3;0.11;1.61111111111;1.72222222222;1e-11;HALTED_BAD_RESULT
9.999781731433595;300;10;0.7;2;0.55333;100;3;0.11;1.61111111111;1.83333333333;1e-11;HALTED_BAD_RESULT
9.999910039521444;300;10;0.7;2;0.55333;100;3;0.11;1.61111111111;1.94444444444;1e-11;HALTED_BAD_RESULT
9.999849519960462;300;10;0.7;2;0.55333;100;3;0.11;1.61111111111;2.05555555556;1e-11;HALTED_BAD_RESULT
9.999840205134241;300;10;0.7;2;0.55333;100;3;0.11;1.61111111111;2.16666666667;1e-11;HALTED_BAD_RESULT
9.999873410574875;300;10;0.7;2;0.55333;100;3;0.11;1.61111111111;2.27777777778;1e-11;HALTED_BAD_RESULT
9.999806727102603;300;10;0.7;2;0.55333;100;3;0.11;1.61111111111;2.38888888889;1e-11;HALTED_BAD_RESULT
9.99992812042689;300;10;0.7;2;0.55333;100;3;0.11;1.61111111111;2.5;1e-11;HALTED_BAD_RESULT
9.999895361615943;300;10;0.7;2;0.55333;100;3;0.11;1.72222222222;1.5;1e-11;HALTED_BAD_RESULT
9.999943469712173;300;10;0.7;2;0.55333;100;3;0.11;1.72222222222;1.61111111111;1e-11;HALTED_BAD_RESULT
9.99988880395582;300;10;0.7;2;0.55333;100;3;0.11;1.72222222222;1.72222222222;1e-11;HALTED_BAD_RESULT
9.999865293972988;300;10;0.7;2;0.55333;100;3;0.11;1.72222222222;1.83333333333;1e-11;HALTED_BAD_RESULT
9.999935511991264;300;10;0.7;2;0.55333;100;3;0.11;1.72222222222;1.94444444444;1e-11;HALTED_BAD_RESULT
9.999882667768446;300;10;0.7;2;0.55333;100;3;0.11;1.72222222222;2.05555555556;1e-11;HALTED_BAD_RESULT
9.999922546449923;300;10;0.7;2;0.55333;100;3;0.11;1.72222222222;2.16666666667;1e-11;HALTED_BAD_RESULT
9.999811749933713;300;10;0.7;2;0.55333;100;3;0.11;1.72222222222;2.27777777778;1e-11;HALTED_BAD_RESULT
9.999894013031449;300;10;0.7;2;0.55333;100;3;0.11;1.72222222222;2.38888888889;1e-11;HALTED_BAD_RESULT
9.999862771159151;300;10;0.7;2;0.55333;100;3;0.11;1.72222222222;2.5;1e-11;HALTED_BAD_RESULT
9.999895522244723;300;10;0.7;2;0.55333;100;3;0.11;1.83333333333;1.5;1e-11;HALTED_BAD_RESULT
9.999944035949186;300;10;0.7;2;0.55333;100;3;0.11;1.83333333333;1.61111111111;1e-11;HALTED_BAD_RESULT
9.999900019545084;300;10;0.7;2;0.55333;100;3;0.11;1.83333333333;1.72222222222;1e-11;HALTED_BAD_RESULT
9.999910648413938;300;10;0.7;2;0.55333;100;3;0.11;1.83333333333;1.83333333333;1e-11;HALTED_BAD_RESULT
9.999915659624223;300;10;0.7;2;0.55333;100;3;0.11;1.83333333333;1.94444444444;1e-11;HALTED_BAD_RESULT
9.999878701355845;300;10;0.7;2;0.55333;100;3;0.11;1.83333333333;2.05555555556;1e-11;HALTED_BAD_RESULT
9.999878387498672;300;10;0.7;2;0.55333;100;3;0.11;1.83333333333;2.16666666667;1e-11;HALTED_BAD_RESULT
9.999907240945523;300;10;0.7;2;0.55333;100;3;0.11;1.83333333333;2.27777777778;1e-11;HALTED_BAD_RESULT
9.999756561958117;300;10;0.7;2;0.55333;100;3;0.11;1.83333333333;2.38888888889;1e-11;HALTED_BAD_RESULT
9.999927805241152;300;10;0.7;2;0.55333;100;3;0.11;1.83333333333;2.5;1e-11;HALTED_BAD_RESULT
9.999930827331498;300;10;0.7;2;0.55333;100;3;0.11;1.94444444444;1.5;1e-11;HALTED_BAD_RESULT
9.999889254255487;300;10;0.7;2;0.55333;100;3;0.11;1.94444444444;1.61111111111;1e-11;HALTED_BAD_RESULT
9.999916522261909;300;10;0.7;2;0.55333;100;3;0.11;1.94444444444;1.72222222222;1e-11;HALTED_BAD_RESULT
9.999928453309488;300;10;0.7;2;0.55333;100;3;0.11;1.94444444444;1.83333333333;1e-11;HALTED_BAD_RESULT
9.999915089374644;300;10;0.7;2;0.55333;100;3;0.11;1.94444444444;1.94444444444;1e-11;HALTED_BAD_RESULT
9.99984952976328;300;10;0.7;2;0.55333;100;3;0.11;1.94444444444;2.05555555556;1e-11;HALTED_BAD_RESULT
9.999936758236144;300;10;0.7;2;0.55333;100;3;0.11;1.94444444444;2.16666666667;1e-11;HALTED_BAD_RESULT
9.999883673960033;300;10;0.7;2;0.55333;100;3;0.11;1.94444444444;2.27777777778;1e-11;HALTED_BAD_RESULT
9.999829481221418;300;10;0.7;2;0.55333;100;3;0.11;1.94444444444;2.38888888889;1e-11;HALTED_BAD_RESULT
9.999857708198798;300;10;0.7;2;0.55333;100;3;0.11;1.94444444444;2.5;1e-11;HALTED_BAD_RESULT
9.999927023587029;300;10;0.7;2;0.55333;100;3;0.11;2.05555555556;1.5;1e-11;HALTED_BAD_RESULT
9.999899945813787;300;10;0.7;2;0.55333;100;3;0.11;2.05555555556;1.61111111111;1e-11;HALTED_BAD_RESULT
9.999928278702768;300;10;0.7;2;0.55333;100;3;0.11;2.05555555556;1.72222222222;1e-11;HALTED_BAD_RESULT
9.999937997696584;300;10;0.7;2;0.55333;100;3;0.11;2.05555555556;1.83333333333;1e-11;HALTED_BAD_RESULT
9.999912875859986;300;10;0.7;2;0.55333;100;3;0.11;2.05555555556;1.94444444444;1e-11;HALTED_BAD_RESULT
9.999841318546062;300;10;0.7;2;0.55333;100;3;0.11;2.05555555556;2.05555555556;1e-11;HALTED_BAD_RESULT
9.999937797545977;300;10;0.7;2;0.55333;100;3;0.11;2.05555555556;2.16666666667;1e-11;HALTED_BAD_RESULT
9.999926411711265;300;10;0.7;2;0.55333;100;3;0.11;2.05555555556;2.27777777778;1e-11;HALTED_BAD_RESULT
9.999863952762167;300;10;0.7;2;0.55333;100;3;0.11;2.05555555556;2.38888888889;1e-11;HALTED_BAD_RESULT
9.9999382505052;300;10;0.7;2;0.55333;100;3;0.11;2.05555555556;2.5;1e-11;HALTED_BAD_RESULT
9.999898394208401;300;10;0.7;2;0.55333;100;3;0.11;2.16666666667;1.5;1e-11;HALTED_BAD_RESULT
9.999890252477996;300;10;0.7;2;0.55333;100;3;0.11;2.16666666667;1.61111111111;1e-11;HALTED_BAD_RESULT
9.999925523244537;300;10;0.7;2;0.55333;100;3;0.11;2.16666666667;1.72222222222;1e-11;HALTED_BAD_RESULT
9.999823688383486;300;10;0.7;2;0.55333;100;3;0.11;2.16666666667;1.83333333333;1e-11;HALTED_BAD_RESULT
9.999942813505386;300;10;0.7;2;0.55333;100;3;0.11;2.16666666667;1.94444444444;1e-11;HALTED_BAD_RESULT
9.99990413244801;300;10;0.7;2;0.55333;100;3;0.11;2.16666666667;2.05555555556;1e-11;HALTED_BAD_RESULT
9.999901321858317;300;10;0.7;2;0.55333;100;3;0.11;2.16666666667;2.16666666667;1e-11;HALTED_BAD_RESULT
9.999899172687748;300;10;0.7;2;0.55333;100;3;0.11;2.16666666667;2.27777777778;1e-11;HALTED_BAD_RESULT
9.999885776766583;300;10;0.7;2;0.55333;100;3;0.11;2.16666666667;2.38888888889;1e-11;HALTED_BAD_RESULT
9.999907528611534;300;10;0.7;2;0.55333;100;3;0.11;2.16666666667;2.5;1e-11;HALTED_BAD_RESULT
9.99971991324853;300;10;0.7;2;0.55333;100;3;0.11;2.27777777778;1.5;1e-11;HALTED_BAD_RESULT
9.999938350375794;300;10;0.7;2;0.55333;100;3;0.11;2.27777777778;1.61111111111;1e-11;HALTED_BAD_RESULT
9.999916688698079;300;10;0.7;2;0.55333;100;3;0.11;2.27777777778;1.72222222222;1e-11;HALTED_BAD_RESULT
9.99988229640985;300;10;0.7;2;0.55333;100;3;0.11;2.27777777778;1.83333333333;1e-11;HALTED_BAD_RESULT
9.999896651655508;300;10;0.7;2;0.55333;100;3;0.11;2.27777777778;1.94444444444;1e-11;HALTED_BAD_RESULT
9.999874395668373;300;10;0.7;2;0.55333;100;3;0.11;2.27777777778;2.05555555556;1e-11;HALTED_BAD_RESULT
9.999870913816707;300;10;0.7;2;0.55333;100;3;0.11;2.27777777778;2.16666666667;1e-11;HALTED_BAD_RESULT
9.999892033299227;300;10;0.7;2;0.55333;100;3;0.11;2.27777777778;2.27777777778;1e-11;HALTED_BAD_RESULT
9.99989856660363;300;10;0.7;2;0.55333;100;3;0.11;2.27777777778;2.38888888889;1e-11;HALTED_BAD_RESULT
9.99991398451229;300;10;0.7;2;0.55333;100;3;0.11;2.27777777778;2.5;1e-11;HALTED_BAD_RESULT
9.999929370480139;300;10;0.7;2;0.55333;100;3;0.11;2.38888888889;1.5;1e-11;HALTED_BAD_RESULT
9.999898135961416;300;10;0.7;2;0.55333;100;3;0.11;2.38888888889;1.61111111111;1e-11;HALTED_BAD_RESULT
9.99993269395781;300;10;0.7;2;0.55333;100;3;0.11;2.38888888889;1.72222222222;1e-11;HALTED_BAD_RESULT
9.99991210596688;300;10;0.7;2;0.55333;100;3;0.11;2.38888888889;1.83333333333;1e-11;HALTED_BAD_RESULT
9.999896545787502;300;10;0.7;2;0.55333;100;3;0.11;2.38888888889;1.94444444444;1e-11;HALTED_BAD_RESULT
9.999926788976337;300;10;0.7;2;0.55333;100;3;0.11;2.38888888889;2.05555555556;1e-11;HALTED_BAD_RESULT
9.999956502438513;300;10;0.7;2;0.55333;100;3;0.11;2.38888888889;2.16666666667;1e-11
9.999820039234931;300;10;0.7;2;0.55333;100;3;0.11;2.38888888889;2.27777777778;1e-11;HALTED_BAD_RESULT
9.999888739955141;300;10;0.7;2;0.55333;100;3;0.11;2.38888888889;2.38888888889;1e-11;HALTED_BAD_RESULT
9.99989020067071;300;10;0.7;2;0.55333;100;3;0.11;2.38888888889;2.5;1e-11;HALTED_BAD_RESULT
9.999889508183399;300;10;0.7;2;0.55333;100;3;0.11;2.5;1.5;1e-11;HALTED_BAD_RESULT
9.999862113862626;300;10;0.7;2;0.55333;100;3;0.11;2.5;1.61111111111;1e-11;HALTED_BAD_RESULT
9.999898481480365;300;10;0.7;2;0.55333;100;3;0.11;2.5;1.72222222222;1e-11;HALTED_BAD_RESULT
9.999917928520539;300;10;0.7;2;0.55333;100;3;0.11;2.5;1.83333333333;1e-11;HALTED_BAD_RESULT
9.999814843955079;300;10;0.7;2;0.55333;100;3;0.11;2.5;1.94444444444;1e-11;HALTED_BAD_RESULT
9.999927852120356;300;10;0.7;2;0.55333;100;3;0.11;2.5;2.05555555556;1e-11;HALTED_BAD_RESULT
9.999897627582886;300;10;0.7;2;0.55333;100;3;0.11;2.5;2.16666666667;1e-11;HALTED_BAD_RESULT
9.999897106392245;300;10;0.7;2;0.55333;100;3;0.11;2.5;2.27777777778;1e-11;HALTED_BAD_RESULT
9.999932166830332;300;10;0.7;2;0.55333;100;3;0.11;2.5;2.38888888889;1e-11;HALTED_BAD_RESULT
9.999918679502109;300;10;0.7;2;0.55333;100;3;0.11;2.5;2.5;1e-11;HALTED_BAD_RESULT
9.99989796788053;300;10;0.7;2;0.55333;100;3;0.11;1.5;1.5;1.47368421053e-11;HALTED_BAD_RESULT
9.999778739859252;300;10;0.7;2;0.55333;100;3;0.11;1.5;1.61111111111;1.47368421053e-11;HALTED_BAD_RESULT
9.999897412029723;300;10;0.7;2;0.55333;100;3;0.11;1.5;1.72222222222;1.47368421053e-11;HALTED_BAD_RESULT
9.999925874356279;300;10;0.7;2;0.55333;100;3;0.11;1.5;1.83333333333;1.47368421053e-11;HALTED_BAD_RESULT
9.999858545293664;300;10;0.7;2;0.55333;100;3;0.11;1.5;1.94444444444;1.47368421053e-11;HALTED_BAD_RESULT
9.999730781626889;300;10;0.7;2;0.55333;100;3;0.11;1.5;2.05555555556;1.47368421053e-11;HALTED_BAD_RESULT
9.999813317292272;300;10;0.7;2;0.55333;100;3;0.11;1.5;2.16666666667;1.47368421053e-11;HALTED_BAD_RESULT
9.999802330536458;300;10;0.7;2;0.55333;100;3;0.11;1.5;2.27777777778;1.47368421053e-11;HALTED_BAD_RESULT
9.999877538891704;300;10;0.7;2;0.55333;100;3;0.11;1.5;2.38888888889;1.47368421053e-11;HALTED_BAD_RESULT
9.999832959025277;300;10;0.7;2;0.55333;100;3;0.11;1.5;2.5;1.47368421053e-11;HALTED_BAD_RESULT
9.999905601958195;300;10;0.7;2;0.55333;100;3;0.11;1.61111111111;1.5;1.47368421053e-11;HALTED_BAD_RESULT
9.999880328523497;300;10;0.7;2;0.55333;100;3;0.11;1.61111111111;1.61111111111;1.47368421053e-11;HALTED_BAD_RESULT
9.999872875006458;300;10;0.7;2;0.55333;100;3;0.11;1.61111111111;1.72222222222;1.47368421053e-11;HALTED_BAD_RESULT
9.99978085336602;300;10;0.7;2;0.55333;100;3;0.11;1.61111111111;1.83333333333;1.47368421053e-11;HALTED_BAD_RESULT
9.999911746066038;300;10;0.7;2;0.55333;100;3;0.11;1.61111111111;1.94444444444;1.47368421053e-11;HALTED_BAD_RESULT
9.999849519612253;300;10;0.7;2;0.55333;100;3;0.11;1.61111111111;2.05555555556;1.47368421053e-11;HALTED_BAD_RESULT
9.999840202371118;300;10;0.7;2;0.55333;100;3;0.11;1.61111111111;2.16666666667;1.47368421053e-11;HALTED_BAD_RESULT
9.999879429641835;300;10;0.7;2;0.55333;100;3;0.11;1.61111111111;2.27777777778;1.47368421053e-11;HALTED_BAD_RESULT
9.99980766277843;300;10;0.7;2;0.55333;100;3;0.11;1.61111111111;2.38888888889;1.47368421053e-11;HALTED_BAD_RESULT
9.99992812649836;300;10;0.7;2;0.55333;100;3;0.11;1.61111111111;2.5;1.47368421053e-11;HALTED_BAD_RESULT
9.99989536153;300;10;0.7;2;0.55333;100;3;0.11;1.72222222222;1.5;1.47368421053e-11;HALTED_BAD_RESULT
9.999944482561828;300;10;0.7;2;0.55333;100;3;0.11;1.72222222222;1.61111111111;1.47368421053e-11;HALTED_BAD_RESULT
9.999890282269623;300;10;0.7;2;0.55333;100;3;0.11;1.72222222222;1.72222222222;1.47368421053e-11;HALTED_BAD_RESULT
9.999869031728965;300;10;0.7;2;0.55333;100;3;0.11;1.72222222222;1.83333333333;1.47368421053e-11;HALTED_BAD_RESULT
9.999934237858017;300;10;0.7;2;0.55333;100;3;0.11;1.72222222222;1.94444444444;1.47368421053e-11;HALTED_BAD_RESULT
9.99989130067224;300;10;0.7;2;0.55333;100;3;0.11;1.72222222222;2.05555555556;1.47368421053e-11;HALTED_BAD_RESULT
9.999914592497875;300;10;0.7;2;0.55333;100;3;0.11;1.72222222222;2.16666666667;1.47368421053e-11;HALTED_BAD_RESULT
9.999811574414082;300;10;0.7;2;0.55333;100;3;0.11;1.72222222222;2.27777777778;1.47368421053e-11;HALTED_BAD_RESULT
9.999883383234339;300;10;0.7;2;0.55333;100;3;0.11;1.72222222222;2.38888888889;1.47368421053e-11;HALTED_BAD_RESULT
9.999863010661812;300;10;0.7;2;0.55333;100;3;0.11;1.72222222222;2.5;1.47368421053e-11;HALTED_BAD_RESULT
9.999895588726188;300;10;0.7;2;0.55333;100;3;0.11;1.83333333333;1.5;1.47368421053e-11;HALTED_BAD_RESULT
9.999944035950604;300;10;0.7;2;0.55333;100;3;0.11;1.83333333333;1.61111111111;1.47368421053e-11;HALTED_BAD_RESULT
9.999896221712712;300;10;0.7;2;0.55333;100;3;0.11;1.83333333333;1.72222222222;1.47368421053e-11;HALTED_BAD_RESULT
9.999909240517036;300;10;0.7;2;0.55333;100;3;0.11;1.83333333333;1.83333333333;1.47368421053e-11;HALTED_BAD_RESULT
9.999915183293295;300;10;0.7;2;0.55333;100;3;0.11;1.83333333333;1.94444444444;1.47368421053e-11;HALTED_BAD_RESULT
9.99989102419059;300;10;0.7;2;0.55333;100;3;0.11;1.83333333333;2.05555555556;1.47368421053e-11;HALTED_BAD_RESULT
9.99988073966645;300;10;0.7;2;0.55333;100;3;0.11;1.83333333333;2.16666666667;1.47368421053e-11;HALTED_BAD_RESULT
9.999897595668118;300;10;0.7;2;0.55333;100;3;0.11;1.83333333333;2.27777777778;1.47368421053e-11;HALTED_BAD_RESULT
9.999756717141477;300;10;0.7;2;0.55333;100;3;0.11;1.83333333333;2.38888888889;1.47368421053e-11;HALTED_BAD_RESULT
9.999928610091747;300;10;0.7;2;0.55333;100;3;0.11;1.83333333333;2.5;1.47368421053e-11;HALTED_BAD_RESULT
9.99993122625377;300;10;0.7;2;0.55333;100;3;0.11;1.94444444444;1.5;1.47368421053e-11;HALTED_BAD_RESULT
9.999889248499771;300;10;0.7;2;0.55333;100;3;0.11;1.94444444444;1.61111111111;1.47368421053e-11;HALTED_BAD_RESULT
9.999913890204507;300;10;0.7;2;0.55333;100;3;0.11;1.94444444444;1.72222222222;1.47368421053e-11;HALTED_BAD_RESULT
9.999928781261373;300;10;0.7;2;0.55333;100;3;0.11;1.94444444444;1.83333333333;1.47368421053e-11;HALTED_BAD_RESULT
9.99990968290327;300;10;0.7;2;0.55333;100;3;0.11;1.94444444444;1.94444444444;1.47368421053e-11;HALTED_BAD_RESULT
9.999850089957338;300;10;0.7;2;0.55333;100;3;0.11;1.94444444444;2.05555555556;1.47368421053e-11;HALTED_BAD_RESULT
9.999937627611905;300;10;0.7;2;0.55333;100;3;0.11;1.94444444444;2.16666666667;1.47368421053e-11;HALTED_BAD_RESULT
9.999884002322608;300;10;0.7;2;0.55333;100;3;0.11;1.94444444444;2.27777777778;1.47368421053e-11;HALTED_BAD_RESULT
9.99982932230493;300;10;0.7;2;0.55333;100;3;0.11;1.94444444444;2.38888888889;1.47368421053e-11;HALTED_BAD_RESULT
9.999857693612023;300;10;0.7;2;0.55333;100;3;0.11;1.94444444444;2.5;1.47368421053e-11;HALTED_BAD_RESULT
9.999929091710065;300;10;0.7;2;0.55333;100;3;0.11;2.05555555556;1.5;1.47368421053e-11;HALTED_BAD_RESULT
9.999896501780398;300;10;0.7;2;0.55333;100;3;0.11;2.05555555556;1.61111111111;1.47368421053e-11;HALTED_BAD_RESULT
9.999926121044497;300;10;0.7;2;0.55333;100;3;0.11;2.05555555556;1.72222222222;1.47368421053e-11;HALTED_BAD_RESULT
9.999853850273627;300;10;0.7;2;0.55333;100;3;0.11;2.05555555556;1.83333333333;1.47368421053e-11;HALTED_BAD_RESULT
9.999912874923078;300;10;0.7;2;0.55333;100;3;0.11;2.05555555556;1.94444444444;1.47368421053e-11;HALTED_BAD_RESULT
9.99984131855046;300;10;0.7;2;0.55333;100;3;0.11;2.05555555556;2.05555555556;1.47368421053e-11;HALTED_BAD_RESULT
9.999937638313682;300;10;0.7;2;0.55333;100;3;0.11;2.05555555556;2.16666666667;1.47368421053e-11;HALTED_BAD_RESULT
9.99992703466019;300;10;0.7;2;0.55333;100;3;0.11;2.05555555556;2.27777777778;1.47368421053e-11;HALTED_BAD_RESULT
9.999861864735179;300;10;0.7;2;0.55333;100;3;0.11;2.05555555556;2.38888888889;1.47368421053e-11;HALTED_BAD_RESULT
9.999938434595604;300;10;0.7;2;0.55333;100;3;0.11;2.05555555556;2.5;1.47368421053e-11;HALTED_BAD_RESULT
9.999897753195027;300;10;0.7;2;0.55333;100;3;0.11;2.16666666667;1.5;1.47368421053e-11;HALTED_BAD_RESULT
9.999881177859734;300;10;0.7;2;0.55333;100;3;0.11;2.16666666667;1.61111111111;1.47368421053e-11;HALTED_BAD_RESULT
9.999925449008618;300;10;0.7;2;0.55333;100;3;0.11;2.16666666667;1.72222222222;1.47368421053e-11;HALTED_BAD_RESULT
9.999870184249065;300;10;0.7;2;0.55333;100;3;0.11;2.16666666667;1.83333333333;1.47368421053e-11;HALTED_BAD_RESULT
9.999942813501097;300;10;0.7;2;0.55333;100;3;0.11;2.16666666667;1.94444444444;1.47368421053e-11;HALTED_BAD_RESULT
9.999901314614982;300;10;0.7;2;0.55333;100;3;0.11;2.16666666667;2.05555555556;1.47368421053e-11;HALTED_BAD_RESULT
9.999913208026593;300;10;0.7;2;0.55333;100;3;0.11;2.16666666667;2.16666666667;1.47368421053e-11;HALTED_BAD_RESULT
9.99989911299371;300;10;0.7;2;0.55333;100;3;0.11;2.16666666667;2.27777777778;1.47368421053e-11;HALTED_BAD_RESULT
9.99989888222672;300;10;0.7;2;0.55333;100;3;0.11;2.16666666667;2.38888888889;1.47368421053e-11;HALTED_BAD_RESULT
9.999907347999116;300;10;0.7;2;0.55333;100;3;0.11;2.16666666667;2.5;1.47368421053e-11;HALTED_BAD_RESULT
9.999720124544332;300;10;0.7;2;0.55333;100;3;0.11;2.27777777778;1.5;1.47368421053e-11;HALTED_BAD_RESULT
9.999938216768024;300;10;0.7;2;0.55333;100;3;0.11;2.27777777778;1.61111111111;1.47368421053e-11;HALTED_BAD_RESULT
9.999915913955233;300;10;0.7;2;0.55333;100;3;0.11;2.27777777778;1.72222222222;1.47368421053e-11;HALTED_BAD_RESULT
9.999878004444243;300;10;0.7;2;0.55333;100;3;0.11;2.27777777778;1.83333333333;1.47368421053e-11;HALTED_BAD_RESULT
9.999889842524022;300;10;0.7;2;0.55333;100;3;0.11;2.27777777778;1.94444444444;1.47368421053e-11;HALTED_BAD_RESULT
9.999890937467235;300;10;0.7;2;0.55333;100;3;0.11;2.27777777778;2.05555555556;1.47368421053e-11;HALTED_BAD_RESULT
9.999870882132313;300;10;0.7;2;0.55333;100;3;0.11;2.27777777778;2.16666666667;1.47368421053e-11;HALTED_BAD_RESULT
9.999896427379126;300;10;0.7;2;0.55333;100;3;0.11;2.27777777778;2.27777777778;1.47368421053e-11;HALTED_BAD_RESULT
9.999900397270906;300;10;0.7;2;0.55333;100;3;0.11;2.27777777778;2.38888888889;1.47368421053e-11;HALTED_BAD_RESULT
9.999913878155821;300;10;0.7;2;0.55333;100;3;0.11;2.27777777778;2.5;1.47368421053e-11;HALTED_BAD_RESULT
9.99993145654214;300;10;0.7;2;0.55333;100;3;0.11;2.38888888889;1.5;1.47368421053e-11;HALTED_BAD_RESULT
9.99990299666542;300;10;0.7;2;0.55333;100;3;0.11;2.38888888889;1.61111111111;1.47368421053e-11;HALTED_BAD_RESULT
9.999932775607498;300;10;0.7;2;0.55333;100;3;0.11;2.38888888889;1.72222222222;1.47368421053e-11;HALTED_BAD_RESULT
9.99990932029408;300;10;0.7;2;0.55333;100;3;0.11;2.38888888889;1.83333333333;1.47368421053e-11;HALTED_BAD_RESULT
9.99989654578948;300;10;0.7;2;0.55333;100;3;0.11;2.38888888889;1.94444444444;1.47368421053e-11;HALTED_BAD_RESULT
9.999924873908283;300;10;0.7;2;0.55333;100;3;0.11;2.38888888889;2.05555555556;1.47368421053e-11;HALTED_BAD_RESULT
9.999954616096478;300;10;0.7;2;0.55333;100;3;0.11;2.38888888889;2.16666666667;1.47368421053e-11
9.999820039237795;300;10;0.7;2;0.55333;100;3;0.11;2.38888888889;2.27777777778;1.47368421053e-11;HALTED_BAD_RESULT
9.99987889908623;300;10;0.7;2;0.55333;100;3;0.11;2.38888888889;2.38888888889;1.47368421053e-11;HALTED_BAD_RESULT
9.999890338011092;300;10;0.7;2;0.55333;100;3;0.11;2.38888888889;2.5;1.47368421053e-11;HALTED_BAD_RESULT
9.999889366935404;300;10;0.7;2;0.55333;100;3;0.11;2.5;1.5;1.47368421053e-11;HALTED_BAD_RESULT
9.999851678512464;300;10;0.7;2;0.55333;100;3;0.11;2.5;1.61111111111;1.47368421053e-11;HALTED_BAD_RESULT
9.999898481483621;300;10;0.7;2;0.55333;100;3;0.11;2.5;1.72222222222;1.47368421053e-11;HALTED_BAD_RESULT
9.999917908400572;300;10;0.7;2;0.55333;100;3;0.11;2.5;1.83333333333;1.47368421053e-11;HALTED_BAD_RESULT
9.999844676144013;300;10;0.7;2;0.55333;100;3;0.11;2.5;1.94444444444;1.47368421053e-11;HALTED_BAD_RESULT
9.999927822220068;300;10;0.7;2;0.55333;100;3;0.11;2.5;2.05555555556;1.47368421053e-11;HALTED_BAD_RESULT
9.999894619821736;300;10;0.7;2;0.55333;100;3;0.11;2.5;2.16666666667;1.47368421053e-11;HALTED_BAD_RESULT
9.999906326157676;300;10;0.7;2;0.55333;100;3;0.11;2.5;2.27777777778;1.47368421053e-11;HALTED_BAD_RESULT
9.999921336565116;300;10;0.7;2;0.55333;100;3;0.11;2.5;2.38888888889;1.47368421053e-11;HALTED_BAD_RESULT
9.999918755388865;300;10;0.7;2;0.55333;100;3;0.11;2.5;2.5;1.47368421053e-11;HALTED_BAD_RESULT
9.99989674688179;300;10;0.7;2;0.55333;100;3;0.11;1.5;1.5;1.94736842105e-11;HALTED_BAD_RESULT
9.99980741271238;300;10;0.7;2;0.55333;100;3;0.11;1.5;1.61111111111;1.94736842105e-11;HALTED_BAD_RESULT
9.999897420632275;300;10;0.7;2;0.55333;100;3;0.11;1.5;1.72222222222;1.94736842105e-11;HALTED_BAD_RESULT
9.999926033039568;300;10;0.7;2;0.55333;100;3;0.11;1.5;1.83333333333;1.94736842105e-11;HALTED_BAD_RESULT
9.999852713518095;300;10;0.7;2;0.55333;100;3;0.11;1.5;1.94444444444;1.94736842105e-11;HALTED_BAD_RESULT
9.999730781631525;300;10;0.7;2;0.55333;100;3;0.11;1.5;2.05555555556;1.94736842105e-11;HALTED_BAD_RESULT
9.999813787317155;300;10;0.7;2;0.55333;100;3;0.11;1.5;2.16666666667;1.94736842105e-11;HALTED_BAD_RESULT
9.999833082234172;300;10;0.7;2;0.55333;100;3;0.11;1.5;2.27777777778;1.94736842105e-11;HALTED_BAD_RESULT
9.999821456858871;300;10;0.7;2;0.55333;100;3;0.11;1.5;2.38888888889;1.94736842105e-11;HALTED_BAD_RESULT
9.999832940548796;300;10;0.7;2;0.55333;100;3;0.11;1.5;2.5;1.94736842105e-11;HALTED_BAD_RESULT
9.999905350811499;300;10;0.7;2;0.55333;100;3;0.11;1.61111111111;1.5;1.94736842105e-11;HALTED_BAD_RESULT
9.999880284615399;300;10;0.7;2;0.55333;100;3;0.11;1.61111111111;1.61111111111;1.94736842105e-11;HALTED_BAD_RESULT
9.999891525539278;300;10;0.7;2;0.55333;100;3;0.11;1.61111111111;1.72222222222;1.94736842105e-11;HALTED_BAD_RESULT
9.999781469323493;300;10;0.7;2;0.55333;100;3;0.11;1.61111111111;1.83333333333;1.94736842105e-11;HALTED_BAD_RESULT
9.99991232913724;300;10;0.7;2;0.55333;100;3;0.11;1.61111111111;1.94444444444;1.94736842105e-11;HALTED_BAD_RESULT
9.999839250380424;300;10;0.7;2;0.55333;100;3;0.11;1.61111111111;2.05555555556;1.94736842105e-11;HALTED_BAD_RESULT
9.999850079178012;300;10;0.7;2;0.55333;100;3;0.11;1.61111111111;2.16666666667;1.94736842105e-11;HALTED_BAD_RESULT
9.999879582364786;300;10;0.7;2;0.55333;100;3;0.11;1.61111111111;2.27777777778;1.94736842105e-11;HALTED_BAD_RESULT
9.999806047390942;300;10;0.7;2;0.55333;100;3;0.11;1.61111111111;2.38888888889;1.94736842105e-11;HALTED_BAD_RESULT
9.99992812894686;300;10;0.7;2;0.55333;100;3;0.11;1.61111111111;2.5;1.94736842105e-11;HALTED_BAD_RESULT
9.999895329944415;300;10;0.7;2;0.55333;100;3;0.11;1.72222222222;1.5;1.94736842105e-11;HALTED_BAD_RESULT
9.999942524956944;300;10;0.7;2;0.55333;100;3;0.11;1.72222222222;1.61111111111;1.94736842105e-11;HALTED_BAD_RESULT
9.999889412296085;300;10;0.7;2;0.55333;100;3;0.11;1.72222222222;1.72222222222;1.94736842105e-11;HALTED_BAD_RESULT
9.99987541007175;300;10;0.7;2;0.55333;100;3;0.11;1.72222222222;1.83333333333;1.94736842105e-11;HALTED_BAD_RESULT
9.9999331928617;300;10;0.7;2;0.55333;100;3;0.11;1.72222222222;1.94444444444;1.94736842105e-11;HALTED_BAD_RESULT
9.999851818378792;300;10;0.7;2;0.55333;100;3;0.11;1.72222222222;2.05555555556;1.94736842105e-11;HALTED_BAD_RESULT
9.99991449879938;300;10;0.7;2;0.55333;100;3;0.11;1.72222222222;2.16666666667;1.94736842105e-11;HALTED_BAD_RESULT
9.999893674315333;300;10;0.7;2;0.55333;100;3;0.11;1.72222222222;2.27777777778;1.94736842105e-11;HALTED_BAD_RESULT
9.999929550283609;300;10;0.7;2;0.55333;100;3;0.11;1.72222222222;2.38888888889;1.94736842105e-11;HALTED_BAD_RESULT
9.999862926780857;300;10;0.7;2;0.55333;100;3;0.11;1.72222222222;2.5;1.94736842105e-11;HALTED_BAD_RESULT
9.9998956490879;300;10;0.7;2;0.55333;100;3;0.11;1.83333333333;1.5;1.94736842105e-11;HALTED_BAD_RESULT
9.999943918320124;300;10;0.7;2;0.55333;100;3;0.11;1.83333333333;1.61111111111;1.94736842105e-11;HALTED_BAD_RESULT
9.99989060506425;300;10;0.7;2;0.55333;100;3;0.11;1.83333333333;1.72222222222;1.94736842105e-11;HALTED_BAD_RESULT
9.999912289944746;300;10;0.7;2;0.55333;100;3;0.11;1.83333333333;1.83333333333;1.94736842105e-11;HALTED_BAD_RESULT
9.999915494109066;300;10;0.7;2;0.55333;100;3;0.11;1.83333333333;1.94444444444;1.94736842105e-11;HALTED_BAD_RESULT
9.99989216124186;300;10;0.7;2;0.55333;100;3;0.11;1.83333333333;2.05555555556;1.94736842105e-11;HALTED_BAD_RESULT
9.99988073434833;300;10;0.7;2;0.55333;100;3;0.11;1.83333333333;2.16666666667;1.94736842105e-11;HALTED_BAD_RESULT
9.99990742954526;300;10;0.7;2;0.55333;100;3;0.11;1.83333333333;2.27777777778;1.94736842105e-11;HALTED_BAD_RESULT
9.999756966413166;300;10;0.7;2;0.55333;100;3;0.11;1.83333333333;2.38888888889;1.94736842105e-11;HALTED_BAD_RESULT
9.999928610090793;300;10;0.7;2;0.55333;100;3;0.11;1.83333333333;2.5;1.94736842105e-11;HALTED_BAD_RESULT
9.999931406804748;300;10;0.7;2;0.55333;100;3;0.11;1.94444444444;1.5;1.94736842105e-11;HALTED_BAD_RESULT
9.99988925426713;300;10;0.7;2;0.55333;100;3;0.11;1.94444444444;1.61111111111;1.94736842105e-11;HALTED_BAD_RESULT
9.999920759180169;300;10;0.7;2;0.55333;100;3;0.11;1.94444444444;1.72222222222;1.94736842105e-11;HALTED_BAD_RESULT
9.999916804091681;300;10;0.7;2;0.55333;100;3;0.11;1.94444444444;1.83333333333;1.94736842105e-11;HALTED_BAD_RESULT
9.999915845959574;300;10;0.7;2;0.55333;100;3;0.11;1.94444444444;1.94444444444;1.94736842105e-11;HALTED_BAD_RESULT
9.999850089956889;300;10;0.7;2;0.55333;100;3;0.11;1.94444444444;2.05555555556;1.94736842105e-11;HALTED_BAD_RESULT
9.999936545995858;300;10;0.7;2;0.55333;100;3;0.11;1.94444444444;2.16666666667;1.94736842105e-11;HALTED_BAD_RESULT
9.99988399959017;300;10;0.7;2;0.55333;100;3;0.11;1.94444444444;2.27777777778;1.94736842105e-11;HALTED_BAD_RESULT
9.999829322305592;300;10;0.7;2;0.55333;100;3;0.11;1.94444444444;2.38888888889;1.94736842105e-11;HALTED_BAD_RESULT
9.999857798215297;300;10;0.7;2;0.55333;100;3;0.11;1.94444444444;2.5;1.94736842105e-11;HALTED_BAD_RESULT
9.99993140119499;300;10;0.7;2;0.55333;100;3;0.11;2.05555555556;1.5;1.94736842105e-11;HALTED_BAD_RESULT
9.999897745401851;300;10;0.7;2;0.55333;100;3;0.11;2.05555555556;1.61111111111;1.94736842105e-11;HALTED_BAD_RESULT
9.99992612104766;300;10;0.7;2;0.55333;100;3;0.11;2.05555555556;1.72222222222;1.94736842105e-11;HALTED_BAD_RESULT
9.999942443281912;300;10;0.7;2;0.55333;100;3;0.11;2.05555555556;1.83333333333;1.94736842105e-11;HALTED_BAD_RESULT
9.999911843176873;300;10;0.7;2;0.55333;100;3;0.11;2.05555555556;1.94444444444;1.94736842105e-11;HALTED_BAD_RESULT
9.999841252126815;300;10;0.7;2;0.55333;100;3;0.11;2.05555555556;2.05555555556;1.94736842105e-11;HALTED_BAD_RESULT
9.99993652483086;300;10;0.7;2;0.55333;100;3;0.11;2.05555555556;2.16666666667;1.94736842105e-11;HALTED_BAD_RESULT
9.999927004378886;300;10;0.7;2;0.55333;100;3;0.11;2.05555555556;2.27777777778;1.94736842105e-11;HALTED_BAD_RESULT
9.999850595819916;300;10;0.7;2;0.55333;100;3;0.11;2.05555555556;2.38888888889;1.94736842105e-11;HALTED_BAD_RESULT
9.999938434591524;300;10;0.7;2;0.55333;100;3;0.11;2.05555555556;2.5;1.94736842105e-11;HALTED_BAD_RESULT
9.999898888232973;300;10;0.7;2;0.55333;100;3;0.11;2.16666666667;1.5;1.94736842105e-11;HALTED_BAD_RESULT
9.999882995930653;300;10;0.7;2;0.55333;100;3;0.11;2.16666666667;1.61111111111;1.94736842105e-11;HALTED_BAD_RESULT
9.999924666959368;300;10;0.7;2;0.55333;100;3;0.11;2.16666666667;1.72222222222;1.94736842105e-11;HALTED_BAD_RESULT
9.9998635174911;300;10;0.7;2;0.55333;100;3;0.11;2.16666666667;1.83333333333;1.94736842105e-11;HALTED_BAD_RESULT
9.999944163647797;300;10;0.7;2;0.55333;100;3;0.11;2.16666666667;1.94444444444;1.94736842105e-11;HALTED_BAD_RESULT
9.999899271560475;300;10;0.7;2;0.55333;100;3;0.11;2.16666666667;2.05555555556;1.94736842105e-11;HALTED_BAD_RESULT
9.999923152906339;300;10;0.7;2;0.55333;100;3;0.11;2.16666666667;2.16666666667;1.94736842105e-11;HALTED_BAD_RESULT
9.999895593761162;300;10;0.7;2;0.55333;100;3;0.11;2.16666666667;2.27777777778;1.94736842105e-11;HALTED_BAD_RESULT
9.999885776764977;300;10;0.7;2;0.55333;100;3;0.11;2.16666666667;2.38888888889;1.94736842105e-11;HALTED_BAD_RESULT
9.999907360046022;300;10;0.7;2;0.55333;100;3;0.11;2.16666666667;2.5;1.94736842105e-11;HALTED_BAD_RESULT
9.99972281520263;300;10;0.7;2;0.55333;100;3;0.11;2.27777777778;1.5;1.94736842105e-11;HALTED_BAD_RESULT
9.999930687029009;300;10;0.7;2;0.55333;100;3;0.11;2.27777777778;1.61111111111;1.94736842105e-11;HALTED_BAD_RESULT
9.999916687926959;300;10;0.7;2;0.55333;100;3;0.11;2.27777777778;1.72222222222;1.94736842105e-11;HALTED_BAD_RESULT
9.999875287572436;300;10;0.7;2;0.55333;100;3;0.11;2.27777777778;1.83333333333;1.94736842105e-11;HALTED_BAD_RESULT
9.999893366546411;300;10;0.7;2;0.55333;100;3;0.11;2.27777777778;1.94444444444;1.94736842105e-11;HALTED_BAD_RESULT
9.99987507233732;300;10;0.7;2;0.55333;100;3;0.11;2.27777777778;2.05555555556;1.94736842105e-11;HALTED_BAD_RESULT
9.999871037047527;300;10;0.7;2;0.55333;100;3;0.11;2.27777777778;2.16666666667;1.94736842105e-11;HALTED_BAD_RESULT
9.999895726740968;300;10;0.7;2;0.55333;100;3;0.11;2.27777777778;2.27777777778;1.94736842105e-11;HALTED_BAD_RESULT
9.999900397275649;300;10;0.7;2;0.55333;100;3;0.11;2.27777777778;2.38888888889;1.94736842105e-11;HALTED_BAD_RESULT
9.999913818861335;300;10;0.7;2;0.55333;100;3;0.11;2.27777777778;2.5;1.94736842105e-11;HALTED_BAD_RESULT
9.999927932614238;300;10;0.7;2;0.55333;100;3;0.11;2.38888888889;1.5;1.94736842105e-11;HALTED_BAD_RESULT
9.999903016553612;300;10;0.7;2;0.55333;100;3;0.11;2.38888888889;1.61111111111;1.94736842105e-11;HALTED_BAD_RESULT
9.99993381442527;300;10;0.7;2;0.55333;100;3;0.11;2.38888888889;1.72222222222;1.94736842105e-11;HALTED_BAD_RESULT
9.99990874569663;300;10;0.7;2;0.55333;100;3;0.11;2.38888888889;1.83333333333;1.94736842105e-11;HALTED_BAD_RESULT
9.999896545789277;300;10;0.7;2;0.55333;100;3;0.11;2.38888888889;1.94444444444;1.94736842105e-11;HALTED_BAD_RESULT
9.999919993856174;300;10;0.7;2;0.55333;100;3;0.11;2.38888888889;2.05555555556;1.94736842105e-11;HALTED_BAD_RESULT
9.999951675428008;300;10;0.7;2;0.55333;100;3;0.11;2.38888888889;2.16666666667;1.94736842105e-11
9.999823311178133;300;10;0.7;2;0.55333;100;3;0.11;2.38888888889;2.27777777778;1.94736842105e-11;HALTED_BAD_RESULT
9.999878899090223;300;10;0.7;2;0.55333;100;3;0.11;2.38888888889;2.38888888889;1.94736842105e-11;HALTED_BAD_RESULT
9.999890338019835;300;10;0.7;2;0.55333;100;3;0.11;2.38888888889;2.5;1.94736842105e-11;HALTED_BAD_RESULT
9.999889405934427;300;10;0.7;2;0.55333;100;3;0.11;2.5;1.5;1.94736842105e-11;HALTED_BAD_RESULT
9.999851608477677;300;10;0.7;2;0.55333;100;3;0.11;2.5;1.61111111111;1.94736842105e-11;HALTED_BAD_RESULT
9.999898481486905;300;10;0.7;2;0.55333;100;3;0.11;2.5;1.72222222222;1.94736842105e-11;HALTED_BAD_RESULT
9.999917908384406;300;10;0.7;2;0.55333;100;3;0.11;2.5;1.83333333333;1.94736842105e-11;HALTED_BAD_RESULT
9.99984469287657;300;10;0.7;2;0.55333;100;3;0.11;2.5;1.94444444444;1.94736842105e-11;HALTED_BAD_RESULT
9.99992891144438;300;10;0.7;2;0.55333;100;3;0.11;2.5;2.05555555556;1.94736842105e-11;HALTED_BAD_RESULT
9.99989801271559;300;10;0.7;2;0.55333;100;3;0.11;2.5;2.16666666667;1.94736842105e-11;HALTED_BAD_RESULT
9.999881757027401;300;10;0.7;2;0.55333;100;3;0.11;2.5;2.27777777778;1.94736842105e-11;HALTED_BAD_RESULT
9.999935709131734;300;10;0.7;2;0.55333;100;3;0.11;2.5;2.38888888889;1.94736842105e-11;HALTED_BAD_RESULT
9.999917254149613;300;10;0.7;2;0.55333;100;3;0.11;2.5;2.5;1.94736842105e-11;HALTED_BAD_RESULT
9.999930222986947;300;10;0.7;2;0.55333;100;3;0.11;1.5;1.5;2.42105263158e-11;HALTED_BAD_RESULT
9.999775167319255;300;10;0.7;2;0.55333;100;3;0.11;1.5;1.61111111111;2.42105263158e-11;HALTED_BAD_RESULT
9.999900858044729;300;10;0.7;2;0.55333;100;3;0.11;1.5;1.72222222222;2.42105263158e-11;HALTED_BAD_RESULT
9.999925794154217;300;10;0.7;2;0.55333;100;3;0.11;1.5;1.83333333333;2.42105263158e-11;HALTED_BAD_RESULT
9.999852669865001;300;10;0.7;2;0.55333;100;3;0.11;1.5;1.94444444444;2.42105263158e-11;HALTED_BAD_RESULT
9.999730842589699;300;10;0.7;2;0.55333;100;3;0.11;1.5;2.05555555556;2.42105263158e-11;HALTED_BAD_RESULT
9.99981331842338;300;10;0.7;2;0.55333;100;3;0.11;1.5;2.16666666667;2.42105263158e-11;HALTED_BAD_RESULT
9.999802330545847;300;10;0.7;2;0.55333;100;3;0.11;1.5;2.27777777778;2.42105263158e-11;HALTED_BAD_RESULT
9.999822112840521;300;10;0.7;2;0.55333;100;3;0.11;1.5;2.38888888889;2.42105263158e-11;HALTED_BAD_RESULT
9.999815566162122;300;10;0.7;2;0.55333;100;3;0.11;1.5;2.5;2.42105263158e-11;HALTED_BAD_RESULT
9.999905596162968;300;10;0.7;2;0.55333;100;3;0.11;1.61111111111;1.5;2.42105263158e-11;HALTED_BAD_RESULT
9.99988028851769;300;10;0.7;2;0.55333;100;3;0.11;1.61111111111;1.61111111111;2.42105263158e-11;HALTED_BAD_RESULT
9.999891378197617;300;10;0.7;2;0.55333;100;3;0.11;1.61111111111;1.72222222222;2.42105263158e-11;HALTED_BAD_RESULT
9.999780853379418;300;10;0.7;2;0.55333;100;3;0.11;1.61111111111;1.83333333333;2.42105263158e-11;HALTED_BAD_RESULT
9.999909024340425;300;10;0.7;2;0.55333;100;3;0.11;1.61111111111;1.94444444444;2.42105263158e-11;HALTED_BAD_RESULT
9.999852816632211;300;10;0.7;2;0.55333;100;3;0.11;1.61111111111;2.05555555556;2.42105263158e-11;HALTED_BAD_RESULT
9.999850079183977;300;10;0.7;2;0.55333;100;3;0.11;1.61111111111;2.16666666667;2.42105263158e-11;HALTED_BAD_RESULT
9.999883827205146;300;10;0.7;2;0.55333;100;3;0.11;1.61111111111;2.27777777778;2.42105263158e-11;HALTED_BAD_RESULT
9.999937891340291;300;10;0.7;2;0.55333;100;3;0.11;1.61111111111;2.38888888889;2.42105263158e-11;HALTED_BAD_RESULT
9.99992812894683;300;10;0.7;2;0.55333;100;3;0.11;1.61111111111;2.5;2.42105263158e-11;HALTED_BAD_RESULT
9.999895361552097;300;10;0.7;2;0.55333;100;3;0.11;1.72222222222;1.5;2.42105263158e-11;HALTED_BAD_RESULT
9.999943111920887;300;10;0.7;2;0.55333;100;3;0.11;1.72222222222;1.61111111111;2.42105263158e-11;HALTED_BAD_RESULT
9.99988863685513;300;10;0.7;2;0.55333;100;3;0.11;1.72222222222;1.72222222222;2.42105263158e-11;HALTED_BAD_RESULT
9.999893258285887;300;10;0.7;2;0.55333;100;3;0.11;1.72222222222;1.83333333333;2.42105263158e-11;HALTED_BAD_RESULT
9.999933420210805;300;10;0.7;2;0.55333;100;3;0.11;1.72222222222;1.94444444444;2.42105263158e-11;HALTED_BAD_RESULT
9.99985203065281;300;10;0.7;2;0.55333;100;3;0.11;1.72222222222;2.05555555556;2.42105263158e-11;HALTED_BAD_RESULT
9.999914096925542;300;10;0.7;2;0.55333;100;3;0.11;1.72222222222;2.16666666667;2.42105263158e-11;HALTED_BAD_RESULT
9.999893674320306;300;10;0.7;2;0.55333;100;3;0.11;1.72222222222;2.27777777778;2.42105263158e-11;HALTED_BAD_RESULT
9.999882535175418;300;10;0.7;2;0.55333;100;3;0.11;1.72222222222;2.38888888889;2.42105263158e-11;HALTED_BAD_RESULT
9.99986463110367;300;10;0.7;2;0.55333;100;3;0.11;1.72222222222;2.5;2.42105263158e-11;HALTED_BAD_RESULT
9.999895588735688;300;10;0.7;2;0.55333;100;3;0.11;1.83333333333;1.5;2.42105263158e-11;HALTED_BAD_RESULT
9.999943918321629;300;10;0.7;2;0.55333;100;3;0.11;1.83333333333;1.61111111111;2.42105263158e-11;HALTED_BAD_RESULT
9.999896195073456;300;10;0.7;2;0.55333;100;3;0.11;1.83333333333;1.72222222222;2.42105263158e-11;HALTED_BAD_RESULT
9.999916962438496;300;10;0.7;2;0.55333;100;3;0.11;1.83333333333;1.83333333333;2.42105263158e-11;HALTED_BAD_RESULT
9.999915182008287;300;10;0.7;2;0.55333;100;3;0.11;1.83333333333;1.94444444444;2.42105263158e-11;HALTED_BAD_RESULT
9.999884431507391;300;10;0.7;2;0.55333;100;3;0.11;1.83333333333;2.05555555556;2.42105263158e-11;HALTED_BAD_RESULT
9.999880778488219;300;10;0.7;2;0.55333;100;3;0.11;1.83333333333;2.16666666667;2.42105263158e-11;HALTED_BAD_RESULT
9.999907274011763;300;10;0.7;2;0.55333;100;3;0.11;1.83333333333;2.27777777778;2.42105263158e-11;HALTED_BAD_RESULT
9.999760586500612;300;10;0.7;2;0.55333;100;3;0.11;1.83333333333;2.38888888889;2.42105263158e-11;HALTED_BAD_RESULT
9.99992985432804;300;10;0.7;2;0.55333;100;3;0.11;1.83333333333;2.5;2.42105263158e-11;HALTED_BAD_RESULT
9.999930830591575;300;10;0.7;2;0.55333;100;3;0.11;1.94444444444;1.5;2.42105263158e-11;HALTED_BAD_RESULT
9.999889248511757;300;10;0.7;2;0.55333;100;3;0.11;1.94444444444;1.61111111111;2.42105263158e-11;HALTED_BAD_RESULT
9.99990405379833;300;10;0.7;2;0.55333;100;3;0.11;1.94444444444;1.72222222222;2.42105263158e-11;HALTED_BAD_RESULT
9.999917071456565;300;10;0.7;2;0.55333;100;3;0.11;1.94444444444;1.83333333333;2.42105263158e-11;HALTED_BAD_RESULT
9.999915842273069;300;10;0.7;2;0.55333;100;3;0.11;1.94444444444;1.94444444444;2.42105263158e-11;HALTED_BAD_RESULT
9.999850089960137;300;10;0.7;2;0.55333;100;3;0.11;1.94444444444;2.05555555556;2.42105263158e-11;HALTED_BAD_RESULT
9.99993583869511;300;10;0.7;2;0.55333;100;3;0.11;1.94444444444;2.16666666667;2.42105263158e-11;HALTED_BAD_RESULT
9.999883999594191;300;10;0.7;2;0.55333;100;3;0.11;1.94444444444;2.27777777778;2.42105263158e-11;HALTED_BAD_RESULT
9.999829322306384;300;10;0.7;2;0.55333;100;3;0.11;1.94444444444;2.38888888889;2.42105263158e-11;HALTED_BAD_RESULT
9.999858551016175;300;10;0.7;2;0.55333;100;3;0.11;1.94444444444;2.5;2.42105263158e-11;HALTED_BAD_RESULT
9.999925889330422;300;10;0.7;2;0.55333;100;3;0.11;2.05555555556;1.5;2.42105263158e-11;HALTED_BAD_RESULT
9.999902026567176;300;10;0.7;2;0.55333;100;3;0.11;2.05555555556;1.61111111111;2.42105263158e-11;HALTED_BAD_RESULT
9.999926121080405;300;10;0.7;2;0.55333;100;3;0.11;2.05555555556;1.72222222222;2.42105263158e-11;HALTED_BAD_RESULT
9.99994024145644;300;10;0.7;2;0.55333;100;3;0.11;2.05555555556;1.83333333333;2.42105263158e-11;HALTED_BAD_RESULT
9.999911960759148;300;10;0.7;2;0.55333;100;3;0.11;2.05555555556;1.94444444444;2.42105263158e-11;HALTED_BAD_RESULT
9.99984140036385;300;10;0.7;2;0.55333;100;3;0.11;2.05555555556;2.05555555556;2.42105263158e-11;HALTED_BAD_RESULT
9.99993652499081;300;10;0.7;2;0.55333;100;3;0.11;2.05555555556;2.16666666667;2.42105263158e-11;HALTED_BAD_RESULT
9.999926174478636;300;10;0.7;2;0.55333;100;3;0.11;2.05555555556;2.27777777778;2.42105263158e-11;HALTED_BAD_RESULT
9.999864546992958;300;10;0.7;2;0.55333;100;3;0.11;2.05555555556;2.38888888889;2.42105263158e-11;HALTED_BAD_RESULT
9.999938434596038;300;10;0.7;2;0.55333;100;3;0.11;2.05555555556;2.5;2.42105263158e-11;HALTED_BAD_RESULT
9.999897753200893;300;10;0.7;2;0.55333;100;3;0.11;2.16666666667;1.5;2.42105263158e-11;HALTED_BAD_RESULT
9.999882995945926;300;10;0.7;2;0.55333;100;3;0.11;2.16666666667;1.61111111111;2.42105263158e-11;HALTED_BAD_RESULT
9.999924666962977;300;10;0.7;2;0.55333;100;3;0.11;2.16666666667;1.72222222222;2.42105263158e-11;HALTED_BAD_RESULT
9.999870183873917;300;10;0.7;2;0.55333;100;3;0.11;2.16666666667;1.83333333333;2.42105263158e-11;HALTED_BAD_RESULT
9.99994258616605;300;10;0.7;2;0.55333;100;3;0.11;2.16666666667;1.94444444444;2.42105263158e-11;HALTED_BAD_RESULT
9.99989973255589;300;10;0.7;2;0.55333;100;3;0.11;2.16666666667;2.05555555556;2.42105263158e-11;HALTED_BAD_RESULT
9.999923081670014;300;10;0.7;2;0.55333;100;3;0.11;2.16666666667;2.16666666667;2.42105263158e-11;HALTED_BAD_RESULT
9.999898028380047;300;10;0.7;2;0.55333;100;3;0.11;2.16666666667;2.27777777778;2.42105263158e-11;HALTED_BAD_RESULT
9.99989888223623;300;10;0.7;2;0.55333;100;3;0.11;2.16666666667;2.38888888889;2.42105263158e-11;HALTED_BAD_RESULT
9.999907528103712;300;10;0.7;2;0.55333;100;3;0.11;2.16666666667;2.5;2.42105263158e-11;HALTED_BAD_RESULT
9.999722815209136;300;10;0.7;2;0.55333;100;3;0.11;2.27777777778;1.5;2.42105263158e-11;HALTED_BAD_RESULT
9.999930682126648;300;10;0.7;2;0.55333;100;3;0.11;2.27777777778;1.61111111111;2.42105263158e-11;HALTED_BAD_RESULT
9.999916687930453;300;10;0.7;2;0.55333;100;3;0.11;2.27777777778;1.72222222222;2.42105263158e-11;HALTED_BAD_RESULT
9.999877958298265;300;10;0.7;2;0.55333;100;3;0.11;2.27777777778;1.83333333333;2.42105263158e-11;HALTED_BAD_RESULT
9.999889842532575;300;10;0.7;2;0.55333;100;3;0.11;2.27777777778;1.94444444444;2.42105263158e-11;HALTED_BAD_RESULT
9.999875072341988;300;10;0.7;2;0.55333;100;3;0.11;2.27777777778;2.05555555556;2.42105263158e-11;HALTED_BAD_RESULT
9.999875007531616;300;10;0.7;2;0.55333;100;3;0.11;2.27777777778;2.16666666667;2.42105263158e-11;HALTED_BAD_RESULT
9.9998976403118;300;10;0.7;2;0.55333;100;3;0.11;2.27777777778;2.27777777778;2.42105263158e-11;HALTED_BAD_RESULT
9.999899236402122;300;10;0.7;2;0.55333;100;3;0.11;2.27777777778;2.38888888889;2.42105263158e-11;HALTED_BAD_RESULT
9.999913878161552;300;10;0.7;2;0.55333;100;3;0.11;2.27777777778;2.5;2.42105263158e-11;HALTED_BAD_RESULT
9.999927249324635;300;10;0.7;2;0.55333;100;3;0.11;2.38888888889;1.5;2.42105263158e-11;HALTED_BAD_RESULT
9.999903187861328;300;10;0.7;2;0.55333;100;3;0.11;2.38888888889;1.61111111111;2.42105263158e-11;HALTED_BAD_RESULT
9.99993269293717;300;10;0.7;2;0.55333;100;3;0.11;2.38888888889;1.72222222222;2.42105263158e-11;HALTED_BAD_RESULT
9.999907547795727;300;10;0.7;2;0.55333;100;3;0.11;2.38888888889;1.83333333333;2.42105263158e-11;HALTED_BAD_RESULT
9.99989653891659;300;10;0.7;2;0.55333;100;3;0.11;2.38888888889;1.94444444444;2.42105263158e-11;HALTED_BAD_RESULT
9.99991999389706;300;10;0.7;2;0.55333;100;3;0.11;2.38888888889;2.05555555556;2.42105263158e-11;HALTED_BAD_RESULT
9.999954802801113;300;10;0.7;2;0.55333;100;3;0.11;2.38888888889;2.16666666667;2.42105263158e-11
9.99982326857262;300;10;0.7;2;0.55333;100;3;0.11;2.38888888889;2.27777777778;2.42105263158e-11;HALTED_BAD_RESULT
9.999887765942901;300;10;0.7;2;0.55333;100;3;0.11;2.38888888889;2.38888888889;2.42105263158e-11;HALTED_BAD_RESULT
9.999890338028587;300;10;0.7;2;0.55333;100;3;0.11;2.38888888889;2.5;2.42105263158e-11;HALTED_BAD_RESULT
9.999889405939392;300;10;0.7;2;0.55333;100;3;0.11;2.5;1.5;2.42105263158e-11;HALTED_BAD_RESULT
9.999851675400965;300;10;0.7;2;0.55333;100;3;0.11;2.5;1.61111111111;2.42105263158e-11;HALTED_BAD_RESULT
9.999898481489852;300;10;0.7;2;0.55333;100;3;0.11;2.5;1.72222222222;2.42105263158e-11;HALTED_BAD_RESULT
9.999917908387964;300;10;0.7;2;0.55333;100;3;0.11;2.5;1.83333333333;2.42105263158e-11;HALTED_BAD_RESULT
9.999844796864407;300;10;0.7;2;0.55333;100;3;0.11;2.5;1.94444444444;2.42105263158e-11;HALTED_BAD_RESULT
9.999928922572577;300;10;0.7;2;0.55333;100;3;0.11;2.5;2.05555555556;2.42105263158e-11;HALTED_BAD_RESULT
9.999905248946389;300;10;0.7;2;0.55333;100;3;0.11;2.5;2.16666666667;2.42105263158e-11;HALTED_BAD_RESULT
9.999872732381906;300;10;0.7;2;0.55333;100;3;0.11;2.5;2.27777777778;2.42105263158e-11;HALTED_BAD_RESULT
9.99993440118408;300;10;0.7;2;0.55333;100;3;0.11;2.5;2.38888888889;2.42105263158e-11;HALTED_BAD_RESULT
9.999917104798781;300;10;0.7;2;0.55333;100;3;0.11;2.5;2.5;2.42105263158e-11;HALTED_BAD_RESULT
9.999896746888775;300;10;0.7;2;0.55333;100;3;0.11;1.5;1.5;2.89473684211e-11;HALTED_BAD_RESULT
9.99977580053558;300;10;0.7;2;0.55333;100;3;0.11;1.5;1.61111111111;2.89473684211e-11;HALTED_BAD_RESULT
9.999897420741547;300;10;0.7;2;0.55333;100;3;0.11;1.5;1.72222222222;2.89473684211e-11;HALTED_BAD_RESULT
9.999925793870942;300;10;0.7;2;0.55333;100;3;0.11;1.5;1.83333333333;2.89473684211e-11;HALTED_BAD_RESULT
9.999861471343857;300;10;0.7;2;0.55333;100;3;0.11;1.5;1.94444444444;2.89473684211e-11;HALTED_BAD_RESULT
9.999730781641093;300;10;0.7;2;0.55333;100;3;0.11;1.5;2.05555555556;2.89473684211e-11;HALTED_BAD_RESULT
9.999813317303895;300;10;0.7;2;0.55333;100;3;0.11;1.5;2.16666666667;2.89473684211e-11;HALTED_BAD_RESULT
9.999806076112273;300;10;0.7;2;0.55333;100;3;0.11;1.5;2.27777777778;2.89473684211e-11;HALTED_BAD_RESULT
9.999822112836908;300;10;0.7;2;0.55333;100;3;0.11;1.5;2.38888888889;2.89473684211e-11;HALTED_BAD_RESULT
9.999815591064927;300;10;0.7;2;0.55333;100;3;0.11;1.5;2.5;2.89473684211e-11;HALTED_BAD_RESULT
9.99990547935525;300;10;0.7;2;0.55333;100;3;0.11;1.61111111111;1.5;2.89473684211e-11;HALTED_BAD_RESULT
9.999880288523812;300;10;0.7;2;0.55333;100;3;0.11;1.61111111111;1.61111111111;2.89473684211e-11;HALTED_BAD_RESULT
9.999891380868368;300;10;0.7;2;0.55333;100;3;0.11;1.61111111111;1.72222222222;2.89473684211e-11;HALTED_BAD_RESULT
9.999785729800648;300;10;0.7;2;0.55333;100;3;0.11;1.61111111111;1.83333333333;2.89473684211e-11;HALTED_BAD_RESULT
9.999912061817833;300;10;0.7;2;0.55333;100;3;0.11;1.61111111111;1.94444444444;2.89473684211e-11;HALTED_BAD_RESULT
9.999852816637462;300;10;0.7;2;0.55333;100;3;0.11;1.61111111111;2.05555555556;2.89473684211e-11;HALTED_BAD_RESULT
9.999850079189633;300;10;0.7;2;0.55333;100;3;0.11;1.61111111111;2.16666666667;2.89473684211e-11;HALTED_BAD_RESULT
9.999879555058689;300;10;0.7;2;0.55333;100;3;0.11;1.61111111111;2.27777777778;2.89473684211e-11;HALTED_BAD_RESULT
9.999806047400634;300;10;0.7;2;0.55333;100;3;0.11;1.61111111111;2.38888888889;2.89473684211e-11;HALTED_BAD_RESULT
9.999927922440055;300;10;0.7;2;0.55333;100;3;0.11;1.61111111111;2.5;2.89473684211e-11;HALTED_BAD_RESULT
9.999895329950137;300;10;0.7;2;0.55333;100;3;0.11;1.72222222222;1.5;2.89473684211e-11;HALTED_BAD_RESULT
9.999943111923104;300;10;0.7;2;0.55333;100;3;0.11;1.72222222222;1.61111111111;2.89473684211e-11;HALTED_BAD_RESULT
9.999890282273876;300;10;0.7;2;0.55333;100;3;0.11;1.72222222222;1.72222222222;2.89473684211e-11;HALTED_BAD_RESULT
9.999871476902243;300;10;0.7;2;0.55333;100;3;0.11;1.72222222222;1.83333333333;2.89473684211e-11;HALTED_BAD_RESULT
9.9999310856463;300;10;0.7;2;0.55333;100;3;0.11;1.72222222222;1.94444444444;2.89473684211e-11;HALTED_BAD_RESULT
9.999853999116056;300;10;0.7;2;0.55333;100;3;0.11;1.72222222222;2.05555555556;2.89473684211e-11;HALTED_BAD_RESULT
9.999914499020829;300;10;0.7;2;0.55333;100;3;0.11;1.72222222222;2.16666666667;2.89473684211e-11;HALTED_BAD_RESULT
9.999893673392195;300;10;0.7;2;0.55333;100;3;0.11;1.72222222222;2.27777777778;2.89473684211e-11;HALTED_BAD_RESULT
9.999882535168586;300;10;0.7;2;0.55333;100;3;0.11;1.72222222222;2.38888888889;2.89473684211e-11;HALTED_BAD_RESULT
9.999863010681876;300;10;0.7;2;0.55333;100;3;0.11;1.72222222222;2.5;2.89473684211e-11;HALTED_BAD_RESULT
9.999895588740067;300;10;0.7;2;0.55333;100;3;0.11;1.83333333333;1.5;2.89473684211e-11;HALTED_BAD_RESULT
9.99994391830876;300;10;0.7;2;0.55333;100;3;0.11;1.83333333333;1.61111111111;2.89473684211e-11;HALTED_BAD_RESULT
9.999888373105778;300;10;0.7;2;0.55333;100;3;0.11;1.83333333333;1.72222222222;2.89473684211e-11;HALTED_BAD_RESULT
9.999918415298469;300;10;0.7;2;0.55333;100;3;0.11;1.83333333333;1.83333333333;2.89473684211e-11;HALTED_BAD_RESULT
9.999915494116268;300;10;0.7;2;0.55333;100;3;0.11;1.83333333333;1.94444444444;2.89473684211e-11;HALTED_BAD_RESULT
9.999876809086992;300;10;0.7;2;0.55333;100;3;0.11;1.83333333333;2.05555555556;2.89473684211e-11;HALTED_BAD_RESULT
9.999880734292839;300;10;0.7;2;0.55333;100;3;0.11;1.83333333333;2.16666666667;2.89473684211e-11;HALTED_BAD_RESULT
9.99990658885273;300;10;0.7;2;0.55333;100;3;0.11;1.83333333333;2.27777777778;2.89473684211e-11;HALTED_BAD_RESULT
9.999756884048985;300;10;0.7;2;0.55333;100;3;0.11;1.83333333333;2.38888888889;2.89473684211e-11;HALTED_BAD_RESULT
9.999929785692705;300;10;0.7;2;0.55333;100;3;0.11;1.83333333333;2.5;2.89473684211e-11;HALTED_BAD_RESULT
9.999931210789097;300;10;0.7;2;0.55333;100;3;0.11;1.94444444444;1.5;2.89473684211e-11;HALTED_BAD_RESULT
9.99988924870094;300;10;0.7;2;0.55333;100;3;0.11;1.94444444444;1.61111111111;2.89473684211e-11;HALTED_BAD_RESULT
9.999920724475174;300;10;0.7;2;0.55333;100;3;0.11;1.94444444444;1.72222222222;2.89473684211e-11;HALTED_BAD_RESULT
9.999928781266856;300;10;0.7;2;0.55333;100;3;0.11;1.94444444444;1.83333333333;2.89473684211e-11;HALTED_BAD_RESULT
9.999867375986273;300;10;0.7;2;0.55333;100;3;0.11;1.94444444444;1.94444444444;2.89473684211e-11;HALTED_BAD_RESULT
9.999847346641488;300;10;0.7;2;0.55333;100;3;0.11;1.94444444444;2.05555555556;2.89473684211e-11;HALTED_BAD_RESULT
9.999935838697715;300;10;0.7;2;0.55333;100;3;0.11;1.94444444444;2.16666666667;2.89473684211e-11;HALTED_BAD_RESULT
9.999883956415523;300;10;0.7;2;0.55333;100;3;0.11;1.94444444444;2.27777777778;2.89473684211e-11;HALTED_BAD_RESULT
9.999829322307534;300;10;0.7;2;0.55333;100;3;0.11;1.94444444444;2.38888888889;2.89473684211e-11;HALTED_BAD_RESULT
9.999857590579783;300;10;0.7;2;0.55333;100;3;0.11;1.94444444444;2.5;2.89473684211e-11;HALTED_BAD_RESULT
9.999930227666756;300;10;0.7;2;0.55333;100;3;0.11;2.05555555556;1.5;2.89473684211e-11;HALTED_BAD_RESULT
9.999902025326406;300;10;0.7;2;0.55333;100;3;0.11;2.05555555556;1.61111111111;2.89473684211e-11;HALTED_BAD_RESULT
9.999926121769505;300;10;0.7;2;0.55333;100;3;0.11;2.05555555556;1.72222222222;2.89473684211e-11;HALTED_BAD_RESULT
9.999942443275556;300;10;0.7;2;0.55333;100;3;0.11;2.05555555556;1.83333333333;2.89473684211e-11;HALTED_BAD_RESULT
9.999911960763425;300;10;0.7;2;0.55333;100;3;0.11;2.05555555556;1.94444444444;2.89473684211e-11;HALTED_BAD_RESULT
9.999841315971752;300;10;0.7;2;0.55333;100;3;0.11;2.05555555556;2.05555555556;2.89473684211e-11;HALTED_BAD_RESULT
9.999936404460767;300;10;0.7;2;0.55333;100;3;0.11;2.05555555556;2.16666666667;2.89473684211e-11;HALTED_BAD_RESULT
9.999927004135262;300;10;0.7;2;0.55333;100;3;0.11;2.05555555556;2.27777777778;2.89473684211e-11;HALTED_BAD_RESULT
9.99985378463321;300;10;0.7;2;0.55333;100;3;0.11;2.05555555556;2.38888888889;2.89473684211e-11;HALTED_BAD_RESULT
9.999938434591794;300;10;0.7;2;0.55333;100;3;0.11;2.05555555556;2.5;2.89473684211e-11;HALTED_BAD_RESULT
9.999897723601288;300;10;0.7;2;0.55333;100;3;0.11;2.16666666667;1.5;2.89473684211e-11;HALTED_BAD_RESULT
9.999882809272387;300;10;0.7;2;0.55333;100;3;0.11;2.16666666667;1.61111111111;2.89473684211e-11;HALTED_BAD_RESULT
9.999925449017724;300;10;0.7;2;0.55333;100;3;0.11;2.16666666667;1.72222222222;2.89473684211e-11;HALTED_BAD_RESULT
9.999870341276413;300;10;0.7;2;0.55333;100;3;0.11;2.16666666667;1.83333333333;2.89473684211e-11;HALTED_BAD_RESULT
9.999944198882275;300;10;0.7;2;0.55333;100;3;0.11;2.16666666667;1.94444444444;2.89473684211e-11;HALTED_BAD_RESULT
9.999899271456284;300;10;0.7;2;0.55333;100;3;0.11;2.16666666667;2.05555555556;2.89473684211e-11;HALTED_BAD_RESULT
9.999920554565286;300;10;0.7;2;0.55333;100;3;0.11;2.16666666667;2.16666666667;2.89473684211e-11;HALTED_BAD_RESULT
9.99988818809006;300;10;0.7;2;0.55333;100;3;0.11;2.16666666667;2.27777777778;2.89473684211e-11;HALTED_BAD_RESULT
9.999898882241077;300;10;0.7;2;0.55333;100;3;0.11;2.16666666667;2.38888888889;2.89473684211e-11;HALTED_BAD_RESULT
9.999906557507654;300;10;0.7;2;0.55333;100;3;0.11;2.16666666667;2.5;2.89473684211e-11;HALTED_BAD_RESULT
9.999722815214454;300;10;0.7;2;0.55333;100;3;0.11;2.27777777778;1.5;2.89473684211e-11;HALTED_BAD_RESULT
9.999930682128374;300;10;0.7;2;0.55333;100;3;0.11;2.27777777778;1.61111111111;2.89473684211e-11;HALTED_BAD_RESULT
9.999916688711481;300;10;0.7;2;0.55333;100;3;0.11;2.27777777778;1.72222222222;2.89473684211e-11;HALTED_BAD_RESULT
9.999877958303168;300;10;0.7;2;0.55333;100;3;0.11;2.27777777778;1.83333333333;2.89473684211e-11;HALTED_BAD_RESULT
9.999872544260958;300;10;0.7;2;0.55333;100;3;0.11;2.27777777778;1.94444444444;2.89473684211e-11;HALTED_BAD_RESULT
9.99987482064118;300;10;0.7;2;0.55333;100;3;0.11;2.27777777778;2.05555555556;2.89473684211e-11;HALTED_BAD_RESULT
9.999875007536636;300;10;0.7;2;0.55333;100;3;0.11;2.27777777778;2.16666666667;2.89473684211e-11;HALTED_BAD_RESULT
9.999893709256497;300;10;0.7;2;0.55333;100;3;0.11;2.27777777778;2.27777777778;2.89473684211e-11;HALTED_BAD_RESULT
9.999900017974163;300;10;0.7;2;0.55333;100;3;0.11;2.27777777778;2.38888888889;2.89473684211e-11;HALTED_BAD_RESULT
9.999913818855502;300;10;0.7;2;0.55333;100;3;0.11;2.27777777778;2.5;2.89473684211e-11;HALTED_BAD_RESULT
9.999927932639956;300;10;0.7;2;0.55333;100;3;0.11;2.38888888889;1.5;2.89473684211e-11;HALTED_BAD_RESULT
9.999902984568399;300;10;0.7;2;0.55333;100;3;0.11;2.38888888889;1.61111111111;2.89473684211e-11;HALTED_BAD_RESULT
